Create Table Book
      (Book_ID int primary key,
	  Title varchar(100) not null,
	  PublisherName varchar(50))

Insert Into Book
Values (1, 'Animal Farm', 'Secker and Warburg'),
		(2, 'The Book Thief', 'Knopf'),
		(3, 'Brave New World', 'Chatto & Windus'),
		(4, 'The Lion The Witch and The Wardrobe','Geoffrey Bles'),
		(5, 'Prince Caspian: Return to Narnia', 'Geoffrey Bles'),
		(6, 'The Voyage of the Dawn Treader','Geoffrey Bles'),
		(7, 'The Silver Chair', 'Geoffrey Bles'),
		(8, 'The Horse and His Boy', 'Geoffrey Bles'),
		(9, 'The Magicians Nephew', 'The Bodley Head'),
		(10, 'The Last Battle', 'The Bodley Head'),
		(11, 'The Dark Tower: The Gunslinger', 'Grant'),
		(12, 'Pet Sematary', 'Doubleday'),
		(13, 'IT', 'Viking'),
		(14, 'The Dark Tower II: The Drawing of the Three', 'Grant'),
		(15, 'A Song of Ice and Fire', 'Bantam Books'),
		(16, 'A Clash of Kings', 'Bantam Books'),
		(17, 'A Storm of Swords', 'Bantam Books'),
		(18, 'The Lost Tribe', 'Picador'),
		(19, 'Harry Potter and the Philosophers Stone', 'Bloomsbury'),
		(20, 'Harry Potter and the Chamber of Secrets', 'Bloomsbury'),
		(21, 'Hitchhikers Guide to the Galaxy', 'Pan Books'),
		(22, 'The Da Vinci Code', 'Doubleday'),
		(23, 'The Fellowship of the Ring', 'George Allen & Unwin'),
		(24, 'The Two Towers', 'George Allen & Unwin'),
		(25, 'The Return of the King', 'George Allen & Unwin')

Create Table Book_Authors
	  (Book_ID int,
	  AuthorName varchar(50))

Insert Into Book_Authors
Values (1, 'George Orwell'),
		(2, 'Markus Zusak'),
		(3, 'Aldous Huxley'),
		(4,'C.S.Lewis'),
		(5, 'C.S.Lewis'),
		(6, 'C.S.Lewis'),
		(7, 'C.S.Lewis'),
		(8, 'C.S.Lewis'),
		(9, 'C.S.Lewis'),
		(10, 'C.S.Lewis'),
		(11, 'Stephen King'),
		(12, 'Stephen King'),
		(13, 'Stephen King'),
		(14, 'Stephen King'),
		(15, 'George R.R. Martin'),
		(16, 'George R.R. Martin'),
		(17, 'George R.R. Martin'),
		(18, 'Mark Lee'),
		(19, 'J.K. Rowling'),
		(20, 'J.K. Rowling'),
		(21,'Douglas Adams'),
		(22,'Dan Brown'),
		(23, 'J.R.R. Tolkien'),
		(24, 'J.R.R. Tolkien'),
		(25, 'J.R.R. Tolkien')


Create Table Publisher
	  (Name varchar(50) not null,
	  [Address] varchar(75) null,
	  Phone int null)

Insert Into Publisher
Values ('Secker and Warburg', '20 Vauxhall Bridge Road, London' , 8408570),
		('Knopf','1745 Broadway New York', 9407390),
		('Chatto & Windus', '80 Strand London', 0103000),
		('Geoffrey Bles', '195 Broadway New York', 2077000),
		('Geoffrey Bles', '195 Broadway New York', 2077000),
		('Geoffrey Bles', '195 Broadway New York', 2077000),
		('Geoffrey Bles', '195 Broadway New York', 2077000),
		('Geoffrey Bles', '195 Broadway New York', 2077000),
		('The Bodley Head','80 Strand London', 70103000),
		('The Bodley Head','80 Strand London', 70103000),
		('Grant', '19 Surrey Lane, Hampton Falls', 7787191),
		('Doubleday','1745 Broadway New York', 9407390),
		('Viking','80 Strand London', 70103000),
		('Grant','19 Surrey Lane, Hampton Falls', 7787191),
		('Bantam Books','80 Strand London', 70103000),
		('Bantam Books','80 Strand London', 70103000),
		('Bantam Books','80 Strand London', 70103000),
		('Picador','20 New Wharf Road London', 83869839),
		('Bloomsbury','1385 Broadway, 5th Floor New York',4195300),
		('Bloomsbury','1385 Broadway, 5th Floor New York',4195300),
		('Pan Books','20 New Wharf Road London', 70146000),
		('Doubleday','1745 Broadway New York', 9407390),
		('George Allen & Unwin','26-27 Boswell Street London', 72691610),
		('George Allen & Unwin','26-27 Boswell Street London', 72691610),
		('George Allen & Unwin','26-27 Boswell Street London', 72691610)

Create Table Book_Copies
	  (Book_ID int,
	  BranchID int, No_of_Copies int)

Insert Into Book_Copies
Values (1, 2, 3),
	(2, 2, 3),	
	(3, 2, 5),
	(25, 2, 4),
	(24, 2, 3),
	(23, 2, 2),
	(15, 2, 2),
	(16, 2, 5),
	(17, 2, 4),
	(21, 2, 2),
	(22, 2, 3),
	(4, 1, 5),
	(5, 1, 4),
	(6, 1, 2),
	(7, 1, 3),
	(8, 1, 5),
	(9, 1, 4),
	(10, 1, 2),
	(11, 1, 4),
	(12, 1, 3),
	(13, 1, 5),
	(14, 1, 6),
	(18, 3, 3),
	(19, 3, 4),
	(20, 3, 4),
	(23, 3, 2),
	(24, 3, 3),
	(25, 3, 3),
	(1, 3, 4),
	(2, 3, 5),
	(3, 3, 4),
	(13, 3, 3),
	(11, 4, 4),
	(12, 4, 3),
	(13, 4, 5),
	(14, 4, 4),
	(18, 4, 3),
	(23, 4, 3),
	(24, 4, 4),
	(25, 4, 2),
	(1, 4, 3),
	(2, 4, 4),
	(4, 5, 3),
	(5, 5, 5),
	(6, 5, 3),
	(7, 5, 2),
	(8, 5, 3),
	(9, 5, 4),
	(10, 5, 2),
	(15, 5, 5),
	(16, 5, 4),
	(17, 5, 5)

Create Table Library_Branch
	  (BranchID int primary key,
	  BranchName varchar(50), [Address] varchar (50))

Insert Into Library_Branch
Values (1, 'Sharpstown', 'Matinee Street'),
		(2, 'Central', 'Oliver Road'),
		(3, 'Jacobstown','Cool Street'),
		(4, 'Fayetteville','Main Street'),
		(5, 'Rodgers', 'Fossil Cove')

Create Table Book_Loans
	  (Book_ID int,
	  BranchID int, CardNO int,
	  DateOut date, DueDate date)

Insert Into Book_Loans
Values	(2,2,133,'2016-1-1','2016-2-1'),
		(1,2,133,'2016-3-12','2016-4-12'),
		(12,1,133,'2016-4-15','2016-5-15'),
		(16,2,427,'2016-1-11','2016-2-11'),
		(24,2,427,'2016-9-19','2016-10-19'),
		(21,2,128,'2016-2-1','2016-3-1'),
		(22,2,427,'2016-5-5','2016-6-5'),
		(13,1,427,'2016-7-12','2016-8-12'),
		(6,5,126,'2016-9-1','2016-10-1'),
		(3,3,126,'2016-2-3','2016-3-3'),
		(18,4,126,'2016-2-17','2016-3-17'),
		(23,4,932,'2016-1-22','2016-2-22'),
		(25,4,932,'2016-5-13','2016-6-13'),
		(11,4,932,'2016-6-1','2016-7-1'),
		(10,1,932,'2016-5-16','2016-6-16'),
		(12,1,225,'2016-8-11','2016-9-11'),
		(16,2,225,'2016-5-7','2016-7-7'),
		(15,2,128,'2016-3-21','2016-2-21'),
		(19,3,225,'2016-3-16','2016-4-16'),
		(1,2,128,'2016-7-25','2016-8-25'),
		(1,4,225,'2016-5-21','2016-6-21'),
		(2,3,128,'2016-2-22','2016-3-22'),
		(4,5,529,'2016-1-2','2016-2-1'),
		(3,3,128,'2016-8-1','2016-9-1'),
		(5,5,529,'2016-8-29','2016-9-29'),
		(6,5,529,'2016-7-4','2016-8-4'),
		(7,5,529,'2016-6-15','2016-7-15'),
		(8,5,324,'2016-8-27','2016-9-27'),
		(9,5,324,'2016-9-4','2016-10-4'),
		(13,4,324,'2016-9-10','2016-10-10'),
		(15,5,324,'2016-9-18','2016-10-18'),
		(6,5,324,'2016-9-21','2016-10-21'),
		(20,3,324,'2016-9-26','2016-10-26'),
		(21,2,223,'2016-8-28','2016-9-28'),
		(11,4,223,'2016-8-30','2016-9-30'),
		(10,5,223,'2016-9-7','2016-10-7'),
		(21,1,223,'2016-9-11','2016-9-11'),
		(1,4,223,'2016-9-12','2016-9-12'),
		(2,2,730,'2016-9-1','2016-10-1'),
		(1,3,730,'2016-9-8','2016-10-8'),
		(4,4,730,'2016-9-12','2016-10-12'),
		(6,5,730,'2016-9-17','2016-10-17'),
		(12,1,730,'2016-9-20','2016-10-20'),
		(17,2,730,'2016-9-24','2016-10-24'),
		(14,4,831,'2016-9-10','2016-10-10'),
		(17,5,831,'2016-8-29','2016-9-29'),
		(9,5,831,'2016-9-12','2016-10-1'),
		(10,1,831,'2016-9-8','2016-10-8'),
		(11,1,831,'2016-9-1','2016-10-1'),
		(17,5,831,'2016-9-26','2016-10-26')

Create Table Borrower
	  (CardNO int primary key,
	  Name varchar(50), [Address] varchar(50),
	  Phone int)

Insert Into Borrower
Values  (223,'Farnsworth', 'Sligo St', 2648923),
		(324, 'Jones', 'Merrywether Ave', 3820482),
		(225, 'Campbell', 'North St', 8274726),
		(126, 'Hill', 'Deanne St', 9381267),
		(427, 'Bruton', 'Christine St', 8762435),
		(128, 'Guthrie', 'Eldridge Ave', 8752341),
		(529, 'Coffin', 'Gregg Ave', 2347890),
		(730, 'Floyd', 'New Albany Road',2847595),
		(831, 'Thile', 'Passion St', 6753425),
		(932, 'Pickelny', 'Blues Ave', 5647283),
		(133, 'Witcher', 'Fiddle St', 9125342)
